m01	super deformed chibi, huge round head two heads tall, tiny body, big round shiny eyes, small smile, short dark hair, plain white t-shirt and gray shorts, barefoot, empty open hands, arms slightly away from body, standing front view, game character sprite base
m02	cute chibi two and a half heads tall, big glossy eyes with white highlights, rosy cheeks, short brown hair, plain white t-shirt and gray shorts, barefoot, empty open hands, arms slightly away from body, standing front view, game character sprite base
m03	cool chibi three heads tall, slimmer body, sharp confident eyes, slight smirk, short black hair, plain white t-shirt and gray shorts, barefoot, empty open hands, arms slightly away from body, standing front view, game character sprite base
m04	chubby round cute chibi, soft round face, happy closed eyes smile, short hair, plain white t-shirt and gray shorts, barefoot, empty open hands, arms slightly away from body, standing front view, game character sprite base
m05	anime style chibi hero, sharp stylish eyes, determined look, spiky dark hair, plain white t-shirt and gray shorts, barefoot, empty open hands, arms slightly away from body, standing front view, game character sprite base
m06	cute chibi girl, big sparkling eyes with long lashes, sweet smile, short bob hair, plain white t-shirt and gray shorts, barefoot, empty open hands, arms slightly away from body, standing front view, game character sprite base
m07	cute chibi with dark brown skin, big bright eyes, cheerful grin, short curly black hair, plain white t-shirt and gray shorts, barefoot, empty open hands, arms slightly away from body, standing front view, game character sprite base
m08	cute chibi with pale skin and pink blush, big sleepy gentle eyes, short silver hair, plain white t-shirt and gray shorts, barefoot, empty open hands, arms slightly away from body, standing front view, game character sprite base
m09	cute chibi with tan skin, cat-like eyes, playful fang smile, messy orange hair, plain white t-shirt and gray shorts, barefoot, empty open hands, arms slightly away from body, standing front view, game character sprite base
m10	classic retro rpg chibi, simple dot eyes, tiny mouth, short brown hair, plain white t-shirt and gray shorts, barefoot, empty open hands, arms slightly away from body, standing front view, game character sprite base
m11	cute chibi, very big sparkly anime eyes with star highlights, open mouth excited smile, fluffy hair, plain white t-shirt and gray shorts, barefoot, empty open hands, arms slightly away from body, standing front view, game character sprite base
m12	cool chibi, half-closed calm eyes, cool expression, hands relaxed, long bangs covering one eye, plain white t-shirt and gray shorts, barefoot, empty open hands, arms slightly away from body, standing front view, game character sprite base
